{
  "playerPosition": {
    "x": 1.04172111,
    "y": 0.600005448,
    "z": 4.892846,
    "normalized": {
      "x": 0.206757739,
      "y": 0.119087316,
      "z": 0.9711177,
      "magnitude": 1.0,
      "sqrMagnitude": 1.00000012
    },
    "magnitude": 5.038366,
    "sqrMagnitude": 25.3851318
  },
  "playerRotation": {
    "x": 0.0,
    "y": 52.99999,
    "z": 0.0,
    "normalized": {
      "x": 0.0,
      "y": 1.0,
      "z": 0.0,
      "magnitude": 1.0,
      "sqrMagnitude": 1.0
    },
    "magnitude": 52.99999,
    "sqrMagnitude": 2808.99878
  },
  "spheresCollected": {
    "720f76a1-1ebb-4204-a5ae-4c279f5f3398": true
  }
}