{
  "playerPosition": {
    "x": 0.9289815,
    "y": 0.60000515,
    "z": 3.64279,
    "normalized": {
      "x": 0.244021967,
      "y": 0.157607481,
      "z": 0.956876755,
      "magnitude": 1.0,
      "sqrMagnitude": 0.99999994
    },
    "magnitude": 3.80695844,
    "sqrMagnitude": 14.4929323
  },
  "playerRotation": {
    "x": 0.0,
    "y": 78.10001,
    "z": 0.0,
    "normalized": {
      "x": 0.0,
      "y": 1.0,
      "z": 0.0,
      "magnitude": 1.0,
      "sqrMagnitude": 1.0
    },
    "magnitude": 78.10001,
    "sqrMagnitude": 6099.6123
  },
  "spheresCollected": {
    "720f76a1-1ebb-4204-a5ae-4c279f5f3398": true
  }
}