{
  "playerPosition": {
    "x": -3.06696415,
    "y": 0.600005448,
    "z": 9.810704,
    "normalized": {
      "x": -0.297867149,
      "y": 0.05827323,
      "z": 0.9528271,
      "magnitude": 1.0,
      "sqrMagnitude": 1.00000012
    },
    "magnitude": 10.2964163,
    "sqrMagnitude": 106.01619
  },
  "playerRotation": {
    "x": 0.0,
    "y": 355.700043,
    "z": 0.0,
    "normalized": {
      "x": 0.0,
      "y": 1.0,
      "z": 0.0,
      "magnitude": 1.0,
      "sqrMagnitude": 1.0
    },
    "magnitude": 355.700043,
    "sqrMagnitude": 126522.523
  },
  "spheresCollected": {
    "720f76a1-1ebb-4204-a5ae-4c279f5f3398": true
  }
}